{
  "gizmos-infos": {
    "is2D": true,
    "is3DIcon": false,
    "iconSize": 2,
    "gridVisible": true,
    "gridColor": [
      166,
      166,
      166,
      255
    ],
    "transformToolName": "position",
    "pivot": "pivot",
    "coordinate": "local",
    "toolsVisibility3d": true
  },
  "__version__": "1.0.0",
  "builder": {},
  "snap-configs": {
    "position": {
      "x": 1,
      "y": 1,
      "z": 1
    },
    "rotation": 1,
    "scale": 1,
    "isPositionSnapEnabled": false,
    "isRotationSnapEnabled": false,
    "isScaleSnapEnabled": false
  },
  "rect-snap-configs": {
    "enableSnapping": true,
    "snapThreshold": 4
  },
  "camera-infos": {
    "6b01cd42-82f9-41e3-a8f3-3d67a587d93e": {
      "position": {
        "x": 640,
        "y": 360,
        "z": 5000
      },
      "rotation": {
        "x": 0,
        "y": 0,
        "z": 0,
        "w": 1
      },
      "viewCenter": {
        "x": 0,
        "y": 0,
        "z": 0
      },
      "contentRect": {
        "x": 0,
        "y": 0,
        "width": 841.4000000000001,
        "height": 473.2875000000001
      },
      "scale": 0.6573437500000001
    },
    "bfa2add0-9acb-4914-88b1-f91faeccdc1b": {
      "position": {
        "x": null,
        "y": null,
        "z": null
      },
      "rotation": {
        "x": -0.27984814233312133,
        "y": 0.3647051996310009,
        "z": 0.11591689595929512,
        "w": 0.8804762392171493
      },
      "viewCenter": {
        "x": 0,
        "y": 0,
        "z": 0
      },
      "contentRect": {
        "x": -1309.4169490910278,
        "y": 802.2250675443765,
        "width": 0,
        "height": 0
      },
      "scale": 0.6033219598603813
    },
    "6fa63344-c155-4a88-86d7-75cb2f23aed2": {
      "position": {
        "x": 614.5799999999999,
        "y": 494.41999999999996,
        "z": 5000
      },
      "rotation": {
        "x": 0,
        "y": 0,
        "z": 0,
        "w": 1
      },
      "viewCenter": {
        "x": 0,
        "y": 0,
        "z": 0
      },
      "contentRect": {
        "x": 416.66666666666663,
        "y": 0,
        "width": 1050,
        "height": 700
      },
      "scale": 0.7
    },
    "2d0ac5df-67b6-449d-9350-42393af34acf": {
      "position": {
        "x": 319.2033333333333,
        "y": 480.7966666666667,
        "z": 5000
      },
      "rotation": {
        "x": 0,
        "y": 0,
        "z": 0,
        "w": 1
      },
      "viewCenter": {
        "x": 0,
        "y": 0,
        "z": 0
      },
      "contentRect": {
        "x": 0,
        "y": 0,
        "width": 448,
        "height": 672
      },
      "scale": 0.7
    },
    "7bfb6072-9239-4b87-8937-8cadae2e9d82": {
      "position": {
        "x": 319.2033333333333,
        "y": 480.7966666666667,
        "z": 5000
      },
      "rotation": {
        "x": 0,
        "y": 0,
        "z": 0,
        "w": 1
      },
      "viewCenter": {
        "x": 0,
        "y": 0,
        "z": 0
      },
      "contentRect": {
        "x": 0,
        "y": 0,
        "width": 448,
        "height": 672
      },
      "scale": 0.7
    },
    "653c6c4a-c45e-4dbc-bbf6-24741c598559": {
      "position": {
        "x": 319.3233333333333,
        "y": 480.6766666666667,
        "z": 5000
      },
      "rotation": {
        "x": 0,
        "y": 0,
        "z": 0,
        "w": 1
      },
      "viewCenter": {
        "x": 0,
        "y": 0,
        "z": 0
      },
      "contentRect": {
        "x": 0,
        "y": 0,
        "width": 448,
        "height": 672
      },
      "scale": 0.7
    },
    "0fca7205-df5f-43fc-bcc0-c9049bda13d5": {
      "position": {
        "x": 319.2033333333333,
        "y": 480.7966666666667,
        "z": 5000
      },
      "rotation": {
        "x": 0,
        "y": 0,
        "z": 0,
        "w": 1
      },
      "viewCenter": {
        "x": 0,
        "y": 0,
        "z": 0
      },
      "contentRect": {
        "x": 0,
        "y": 0,
        "width": 448,
        "height": 672
      },
      "scale": 0.7
    },
    "100c2a91-3502-4e34-8da4-a45eba5dbb97": {
      "position": {
        "x": 319.28833333333336,
        "y": 480.7116666666667,
        "z": 5000
      },
      "rotation": {
        "x": 0,
        "y": 0,
        "z": 0,
        "w": 1
      },
      "viewCenter": {
        "x": 0,
        "y": 0,
        "z": 0
      },
      "contentRect": {
        "x": 0,
        "y": 0,
        "width": 448,
        "height": 672
      },
      "scale": 0.7
    },
    "8a738d5c-9914-4224-9754-b5ad55aa012b": {
      "position": {
        "x": 319.24833333333333,
        "y": 480.7516666666667,
        "z": 5000
      },
      "rotation": {
        "x": 0,
        "y": 0,
        "z": 0,
        "w": 1
      },
      "viewCenter": {
        "x": 0,
        "y": 0,
        "z": 0
      },
      "contentRect": {
        "x": 0,
        "y": 0,
        "width": 448,
        "height": 672
      },
      "scale": 0.7
    },
    "01f86077-c8fa-48f5-951e-654217d6850a": {
      "position": {
        "x": 319.2183333333333,
        "y": 480.7816666666667,
        "z": 5000
      },
      "rotation": {
        "x": 0,
        "y": 0,
        "z": 0,
        "w": 1
      },
      "viewCenter": {
        "x": 0,
        "y": 0,
        "z": 0
      },
      "contentRect": {
        "x": 0,
        "y": 0,
        "width": 448,
        "height": 672
      },
      "scale": 0.7
    },
    "d9d77b88-ea9e-486d-9ac6-48d7d6d7256d": {
      "position": {
        "x": 319.2033333333333,
        "y": 480.7966666666667,
        "z": 5000
      },
      "rotation": {
        "x": 0,
        "y": 0,
        "z": 0,
        "w": 1
      },
      "viewCenter": {
        "x": 0,
        "y": 0,
        "z": 0
      },
      "contentRect": {
        "x": 0,
        "y": 0,
        "width": 448,
        "height": 672
      },
      "scale": 0.7
    },
    "f31da575-9f8a-46cb-b3b8-0fe8f1b1bab4": {
      "position": {
        "x": 319.2683333333333,
        "y": 480.7316666666667,
        "z": 5000
      },
      "rotation": {
        "x": 0,
        "y": 0,
        "z": 0,
        "w": 1
      },
      "viewCenter": {
        "x": 0,
        "y": 0,
        "z": 0
      },
      "contentRect": {
        "x": 0,
        "y": 0,
        "width": 448,
        "height": 672
      },
      "scale": 0.7
    },
    "2cd2b9ad-c512-45ba-8597-461717609198": {
      "position": {
        "x": 319.23333333333335,
        "y": 480.7666666666667,
        "z": 5000
      },
      "rotation": {
        "x": 0,
        "y": 0,
        "z": 0,
        "w": 1
      },
      "viewCenter": {
        "x": 0,
        "y": 0,
        "z": 0
      },
      "contentRect": {
        "x": 0,
        "y": 0,
        "width": 448,
        "height": 672
      },
      "scale": 0.7
    },
    "7ceb6494-953b-486c-a6c9-ad8180d2612a": {
      "position": {
        "x": 319.2033333333333,
        "y": 480.7966666666667,
        "z": 5000
      },
      "rotation": {
        "x": 0,
        "y": 0,
        "z": 0,
        "w": 1
      },
      "viewCenter": {
        "x": 0,
        "y": 0,
        "z": 0
      },
      "contentRect": {
        "x": 0,
        "y": 0,
        "width": 448,
        "height": 672
      },
      "scale": 0.7
    },
    "0ec31f64-1ad4-4062-874c-c9d32e587335": {
      "position": {
        "x": 319.24833333333333,
        "y": 480.7516666666667,
        "z": 5000
      },
      "rotation": {
        "x": 0,
        "y": 0,
        "z": 0,
        "w": 1
      },
      "viewCenter": {
        "x": 0,
        "y": 0,
        "z": 0
      },
      "contentRect": {
        "x": 0,
        "y": 0,
        "width": 448,
        "height": 672
      },
      "scale": 0.7
    },
    "05d633a5-7bf8-484c-a176-37ed1d82346b": {
      "position": {
        "x": 319.24833333333333,
        "y": 480.7516666666667,
        "z": 5000
      },
      "rotation": {
        "x": 0,
        "y": 0,
        "z": 0,
        "w": 1
      },