{
  "__version__": "1.0.0",
  "builder": {},
  "gizmos-infos": {
    "is2D": true,
    "is3DIcon": false,
    "iconSize": 2,
    "gridVisible": true,
    "gridColor": [
      166,
      166,
      166,
      255
    ],
    "transformToolName": "position",
    "pivot": "pivot",
    "coordinate": "local",
    "toolsVisibility3d": true
  },
  "snap-configs": {
    "position": {
      "x": 1,
      "y": 1,
      "z": 1
    },
    "rotation": 1,
    "scale": 1,
    "isPositionSnapEnabled": false,
    "isRotationSnapEnabled": false,
    "isScaleSnapEnabled": false
  },
  "rect-snap-configs": {
    "enableSnapping": true,
    "snapThreshold": 4
  },
  "camera-infos": {
    "378d614a-cc0c-461b-a455-9479bcc25e7e": {
      "position": {
        "x": 2522.8621900383164,
        "y": 2522.862190038316,
        "z": 2522.8621900383155
      },
      "rotation": {
        "x": -0.27984814233312133,
        "y": 0.3647051996310009,
        "z": 0.11591689595929512,
        "w": 0.8804762392171493
      },
      "viewCenter": {
        "x": 0,
        "y": 0,
        "z": 0
      },
      "contentRect": {
        "x": 0,
        "y": 0,
        "width": 1494,
        "height": 910
      },
      "scale": 1
    },
    "1fb9624c-fa10-4ff9-ad27-9f87445afab9": {
      "position": {
        "x": 1164.9499999999998,
        "y": 853.3833333333332,
        "z": 5000
      },
      "rotation": {
        "x": 0,
        "y": 0,
        "z": 0,
        "w": 1
      },
      "viewCenter": {
        "x": 0,
        "y": 0,
        "z": 0
      },
      "contentRect": {
        "x": 833.3333333333333,
        "y": 0,
        "width": 2100,
        "height": 1400
      },
      "scale": 0.7
    },
    "ee25a166-61f1-4daf-940e-a0c567a5f95a": {
      "position": {
        "x": 319.24333333333334,
        "y": 480.7566666666667,
        "z": 5000
      },
      "rotation": {
        "x": 0,
        "y": 0,
        "z": 0,
        "w": 1
      },
      "viewCenter": {
        "x": 0,
        "y": 0,
        "z": 0
      },
      "contentRect": {
        "x": 0,
        "y": 0,
        "width": 448,
        "height": 672
      },
      "scale": 0.7
    },
    "2b40a315-f5d8-40d5-876a-d85b348c0d1a": {
      "position": {
        "x": 292.37333333333333,
        "y": 440.4266666666667,
        "z": 5000
      },
      "rotation": {
        "x": 0,
        "y": 0,
        "z": 0,
        "w": 1
      },
      "viewCenter": {
        "x": 0,
        "y": 0,
        "z": 0
      },
      "contentRect": {
        "x": 0,
        "y": 0,
        "width": 397.6,
        "height": 596.4
      },
      "scale": 0.7000000000000001
    },
    "7d8368bd-41fc-4fc8-b466-4eabbeedb478": {
      "position": {
        "x": 291.4483333333333,
        "y": 439.1016666666667,
        "z": 5000
      },
      "rotation": {
        "x": 0,
        "y": 0,
        "z": 0,
        "w": 1
      },
      "viewCenter": {
        "x": 0,
        "y": 0,
        "z": 0
      },
      "contentRect": {
        "x": 0,
        "y": 0,
        "width": 397.6,
        "height": 596.4
      },
      "scale": 0.7000000000000001
    },
    "c0cec408-2ad3-4e18-a66b-14c2b20cb53b": {
      "position": {
        "x": 747,
        "y": 455,
        "z": 5000
      },
      "rotation": {
        "x": 0,
        "y": 0,
        "z": 0,
        "w": 1
      },
      "viewCenter": {
        "x": 0,
        "y": 0,
        "z": 0
      },
      "contentRect": {
        "x": 0,
        "y": 0,
        "width": 1045.8,
        "height": 637
      },
      "scale": 0.7
    }
  },
  "camera-uuids": [
    "378d614a-cc0c-461b-a455-9479bcc25e7e",
    "1fb9624c-fa10-4ff9-ad27-9f87445afab9",
    "ee25a166-61f1-4daf-940e-a0c567a5f95a",
    "2b40a315-f5d8-40d5-876a-d85b348c0d1a",
    "7d8368bd-41fc-4fc8-b466-4eabbeedb478",
    "c0cec408-2ad3-4e18-a66b-14c2b20cb53b"
  ],
  "camera": {
    "color": [
      48,
      48,
      48,
      255
    ],
    "fov": 45,
    "far": 10000,
    "near": 0.01,
    "wheelSpeed": 0.01,
    "wanderSpeed": 10,
    "enableAcceleration": true,
    "size": "__default_design__",
    "far2D": 10000,
    "near2D": 1,
    "wheelSpeed2D": 6,
    "iso": 0,
    "aperture": 19,
    "shutter": 7
  },
  "scene_view": {
    "isSceneLightOn": true,
    "output_device": "__default_design__"
  },
  "game-view": {
    "fullScreen": true,
    "scaleValue": 88,
    "sliderValue": 43
  }
}
